{
    "metadata": [
        {
            "fieldname": "/CPMB/ZED08MN",
            "outputlen": 130,
            "datatype": "CHAR",
            "scrtextL": "TIME"
        },
        {
            "fieldname": "/CPMB/YEAR",
            "outputlen": 130,
            "datatype": "CHAR",
            "scrtextL": "YEAR"
        },
        {
            "fieldname": "/CPMB/ZEDBS0W",
            "outputlen": 130,
            "datatype": "CHAR",
            "scrtextL": "ORG_ENTITY"
        },
        {
            "fieldname": "/CPMB/ZEDWQND",
            "outputlen": 130,
            "datatype": "CHAR",
            "scrtextL": "CORP_ACC"
        },
        {
            "fieldname": "/CPMB/ZED8YY1",
            "outputlen": 130,
            "datatype": "CHAR",
            "scrtextL": "CATEGORY"
        },
        {
            "fieldname": "VALUE001",
            "outputlen": 30,
            "datatype": "CHAR",
            "scrtextL": "SignData"
        },
        {
            "fieldname": "VALUE002",
            "outputlen": 30,
            "datatype": "CHAR",
            "scrtextL": "SignData2"
        },
        {
            "fieldname": "VALUE003",
            "outputlen": 30,
            "datatype": "CHAR",
            "scrtextL": "SignData3"
        }
    ],
    "data": [
        {
            "CpmbYear": "2020",
            "CpmbZed08mn": "2020.01 Jan-20",
            "CpmbZed8yy1": "FORECAST_2019_Q0 Q0 2019 Forecast",
            "CpmbZedbs0w": "100191 LEGAL SPECIALTIES - ADMIN",
            "CpmbZedwqnd": "CRP_LAB_SAO_S1114 Saudi  Regular HC 11-14",
            "value001": "29.0000000",
            "value002": "29.0000000",
            "value003": "29.0000000"
        },
        {
            "CpmbYear": "2020",
            "CpmbZed08mn": "2020.01 Jan-20",
            "CpmbZed8yy1": "PLAN_19_21_MC PLAN for MC Submission 19_21",
            "CpmbZedbs0w": "100191 LEGAL SPECIALTIES - ADMIN",
            "CpmbZedwqnd": "CRP_LAB_SAO_S1114 Saudi  Regular HC 11-14",
            "value001": "11.0000000",
            "value002": "11.0000000",
            "value003": "11.0000000"
        },
        {
            "CpmbYear": "2020",
            "CpmbZed08mn": "2020.02 Feb-20",
            "CpmbZed8yy1": "FORECAST_2019_Q0 Q0 2019 Forecast",
            "CpmbZedbs0w": "100191 LEGAL SPECIALTIES - ADMIN",
            "CpmbZedwqnd": "CRP_LAB_SAO_S1114 Saudi  Regular HC 11-14",
            "value001": "29.0000000",
            "value002": "29.0000000",
            "value003": "29.0000000"
        },
        {
            "CpmbYear": "2020",
            "CpmbZed08mn": "2020.02 Feb-20",
            "CpmbZed8yy1": "PLAN_19_21_MC PLAN for MC Submission 19_21",
            "CpmbZedbs0w": "100191 LEGAL SPECIALTIES - ADMIN",
            "CpmbZedwqnd": "CRP_LAB_SAO_S1114 Saudi  Regular HC 11-14",
            "value001": "11.0000000",
            "value002": "11.0000000",
            "value003": "11.0000000"
        },
        {
            "CpmbYear": "2020",
            "CpmbZed08mn": "2020.03 Mar-20",
            "CpmbZed8yy1": "FORECAST_2019_Q0 Q0 2019 Forecast",
            "CpmbZedbs0w": "100191 LEGAL SPECIALTIES - ADMIN",
            "CpmbZedwqnd": "CRP_LAB_SAO_S1114 Saudi  Regular HC 11-14",
            "value001": "29.0000000",
            "value002": "29.0000000",
            "value003": "29.0000000"
        },
        {
            "CpmbYear": "2020",
            "CpmbZed08mn": "2020.03 Mar-20",
            "CpmbZed8yy1": "PLAN_19_21_MC PLAN for MC Submission 19_21",
            "CpmbZedbs0w": "100191 LEGAL SPECIALTIES - ADMIN",
            "CpmbZedwqnd": "CRP_LAB_SAO_S1114 Saudi  Regular HC 11-14",
            "value001": "11.0000000",
            "value002": "11.0000000",
            "value003": "11.0000000"
        },
        {
            "CpmbYear": "2020",
            "CpmbZed08mn": "2020.04 Apr-20",
            "CpmbZed8yy1": "FORECAST_2019_Q0 Q0 2019 Forecast",
            "CpmbZedbs0w": "100191 LEGAL SPECIALTIES - ADMIN",
            "CpmbZedwqnd": "CRP_LAB_SAO_S1114 Saudi  Regular HC 11-14",
            "value001": "29.0000000",
            "value002": "29.0000000",
            "value003": "29.0000000"
        },
        {
            "CpmbYear": "2020",
            "CpmbZed08mn": "2020.04 Apr-20",
            "CpmbZed8yy1": "PLAN_19_21_MC PLAN for MC Submission 19_21",
            "CpmbZedbs0w": "100191 LEGAL SPECIALTIES - ADMIN",
            "CpmbZedwqnd": "CRP_LAB_SAO_S1114 Saudi  Regular HC 11-14",
            "value001": "11.0000000",
            "value002": "11.0000000",
            "value003": "11.0000000"
        },
        {
            "CpmbYear": "2020",
            "CpmbZed08mn": "2020.05 May-20",
            "CpmbZed8yy1": "FORECAST_2019_Q0 Q0 2019 Forecast",
            "CpmbZedbs0w": "100191 LEGAL SPECIALTIES - ADMIN",
            "CpmbZedwqnd": "CRP_LAB_SAO_S1114 Saudi  Regular HC 11-14",
            "value001": "29.0000000",
            "value002": "29.0000000",
            "value003": "29.0000000"
        },
        {
            "CpmbYear": "2020",
            "CpmbZed08mn": "2020.05 May-20",
            "CpmbZed8yy1": "PLAN_19_21_MC PLAN for MC Submission 19_21",
            "CpmbZedbs0w": "100191 LEGAL SPECIALTIES - ADMIN",
            "CpmbZedwqnd": "CRP_LAB_SAO_S1114 Saudi  Regular HC 11-14",
            "value001": "11.0000000",
            "value002": "11.0000000",
            "value003": "11.0000000"
        },
        {
            "CpmbYear": "2020",
            "CpmbZed08mn": "2020.06 Jun-20",
            "CpmbZed8yy1": "FORECAST_2019_Q0 Q0 2019 Forecast",
            "CpmbZedbs0w": "100191 LEGAL SPECIALTIES - ADMIN",
            "CpmbZedwqnd": "CRP_LAB_SAO_S1114 Saudi  Regular HC 11-14",
            "value001": "29.0000000",
            "value002": "29.0000000",
            "value003": "29.0000000"
        },
        {
            "CpmbYear": "2020",
            "CpmbZed08mn": "2020.06 Jun-20",
            "CpmbZed8yy1": "PLAN_19_21_MC PLAN for MC Submission 19_21",
            "CpmbZedbs0w": "100191 LEGAL SPECIALTIES - ADMIN",
            "CpmbZedwqnd": "CRP_LAB_SAO_S1114 Saudi  Regular HC 11-14",
            "value001": "11.0000000",
            "value002": "11.0000000",
            "value003": "11.0000000"
        },
        {
            "CpmbYear": "2020",
            "CpmbZed08mn": "2020.07 Jul-20",
            "CpmbZed8yy1": "FORECAST_2019_Q0 Q0 2019 Forecast",
            "CpmbZedbs0w": "100191 LEGAL SPECIALTIES - ADMIN",
            "CpmbZedwqnd": "CRP_LAB_SAO_S1114 Saudi  Regular HC 11-14",
            "value001": "30.0000000",
            "value002": "30.0000000",
            "value003": "30.0000000"
        },
        {
            "CpmbYear": "2020",
            "CpmbZed08mn": "2020.07 Jul-20",
            "CpmbZed8yy1": "PLAN_19_21_MC PLAN for MC Submission 19_21",
            "CpmbZedbs0w": "100191 LEGAL SPECIALTIES - ADMIN",
            "CpmbZedwqnd": "CRP_LAB_SAO_S1114 Saudi  Regular HC 11-14",
            "value001": "11.0000000",
            "value002": "11.0000000",
            "value003": "11.0000000"
        },
        {
            "CpmbYear": "2020",
            "CpmbZed08mn": "2020.08 Aug-20",
            "CpmbZed8yy1": "FORECAST_2019_Q0 Q0 2019 Forecast",
            "CpmbZedbs0w": "100191 LEGAL SPECIALTIES - ADMIN",
            "CpmbZedwqnd": "CRP_LAB_SAO_S1114 Saudi  Regular HC 11-14",
            "value001": "31.0000000",
            "value002": "31.0000000",
            "value003": "31.0000000"
        },
        {
            "CpmbYear": "2020",
            "CpmbZed08mn": "2020.08 Aug-20",
            "CpmbZed8yy1": "PLAN_19_21_MC PLAN for MC Submission 19_21",
            "CpmbZedbs0w": "100191 LEGAL SPECIALTIES - ADMIN",
            "CpmbZedwqnd": "CRP_LAB_SAO_S1114 Saudi  Regular HC 11-14",
            "value001": "11.0000000",
            "value002": "11.0000000",
            "value003": "11.0000000"
        },
        {
            "CpmbYear": "2020",
            "CpmbZed08mn": "2020.09 Sep-20",
            "CpmbZed8yy1": "FORECAST_2019_Q0 Q0 2019 Forecast",
            "CpmbZedbs0w": "100191 LEGAL SPECIALTIES - ADMIN",
            "CpmbZedwqnd": "CRP_LAB_SAO_S1114 Saudi  Regular HC 11-14",
            "value001": "32.0000000",
            "value002": "32.0000000",
            "value003": "32.0000000"
        },
        {
            "CpmbYear": "2020",
            "CpmbZed08mn": "2020.09 Sep-20",
            "CpmbZed8yy1": "PLAN_19_21_MC PLAN for MC Submission 19_21",
            "CpmbZedbs0w": "100191 LEGAL SPECIALTIES - ADMIN",
            "CpmbZedwqnd": "CRP_LAB_SAO_S1114 Saudi  Regular HC 11-14",
            "value001": "11.0000000",
            "value002": "11.0000000",
            "value003": "11.0000000"
        },
        {
            "CpmbYear": "2020",
            "CpmbZed08mn": "2020.10 Oct-20",
            "CpmbZed8yy1": "FORECAST_2019_Q0 Q0 2019 Forecast",
            "CpmbZedbs0w": "100191 LEGAL SPECIALTIES - ADMIN",
            "CpmbZedwqnd": "CRP_LAB_SAO_S1114 Saudi  Regular HC 11-14",
            "value001": "33.0000000",
            "value002": "33.0000000",
            "value003": "33.0000000"
        },
        {
            "CpmbYear": "2020",
            "CpmbZed08mn": "2020.10 Oct-20",
            "CpmbZed8yy1": "PLAN_19_21_MC PLAN for MC Submission 19_21",
            "CpmbZedbs0w": "100191 LEGAL SPECIALTIES - ADMIN",
            "CpmbZedwqnd": "CRP_LAB_SAO_S1114 Saudi  Regular HC 11-14",
            "value001": "11.0000000",
            "value002": "11.0000000",
            "value003": "11.0000000"
        },
        {
            "CpmbYear": "2020",
            "CpmbZed08mn": "2020.11 Nov-20",
            "CpmbZed8yy1": "FORECAST_2019_Q0 Q0 2019 Forecast",
            "CpmbZedbs0w": "100191 LEGAL SPECIALTIES - ADMIN",
            "CpmbZedwqnd": "CRP_LAB_SAO_S1114 Saudi  Regular HC 11-14",
            "value001": "34.0000000",
            "value002": "34.0000000",
            "value003": "34.0000000"
        },
        {
            "CpmbYear": "2020",
            "CpmbZed08mn": "2020.11 Nov-20",
            "CpmbZed8yy1": "PLAN_19_21_MC PLAN for MC Submission 19_21",
            "CpmbZedbs0w": "100191 LEGAL SPECIALTIES - ADMIN",
            "CpmbZedwqnd": "CRP_LAB_SAO_S1114 Saudi  Regular HC 11-14",
            "value001": "11.0000000",
            "value002": "11.0000000",
            "value003": "11.0000000"
        },
        {
            "CpmbYear": "2020",
            "CpmbZed08mn": "2020.12 Dec-20",
            "CpmbZed8yy1": "FORECAST_2019_Q0 Q0 2019 Forecast",
            "CpmbZedbs0w": "100191 LEGAL SPECIALTIES - ADMIN",
            "CpmbZedwqnd": "CRP_LAB_SAO_S1114 Saudi  Regular HC 11-14",
            "value001": "35.0000000",
            "value002": "35.0000000",
            "value003": "35.0000000"
        },
        {
            "CpmbYear": "2020",
            "CpmbZed08mn": "2020.12 Dec-20",
            "CpmbZed8yy1": "PLAN_19_21_MC PLAN for MC Submission 19_21",
            "CpmbZedbs0w": "100191 LEGAL SPECIALTIES - ADMIN",
            "CpmbZedwqnd": "CRP_LAB_SAO_S1114 Saudi  Regular HC 11-14",
            "value001": "11.0000000",
            "value002": "11.0000000",
            "value003": "11.0000000"
        }
    ]
}