<core:FragmentDefinition xmlns="sap.m" xmlns:l="sap.ui.layout" xmlns:f="sap.ui.layout.form" xmlns:core="sap.ui.core"
	xmlns:variant="sap.ui.comp.variants">
	<Dialog title="Update ShareK Folder" width="500em">
		<f:SimpleForm editable="true" class="" layout="ResponsiveGridLayout" columnsM="5" columnsL="5" columnsXL="5" labelSpanM="5" labelSpanL="5">
			<Label id="lblgisfolderTitle" text="Select Folder"></Label>
			<Input id="gisFolderInput" showValueHelp="true" valueHelpRequest="onValueHelpShareKRequest" placeholder="Select GIS Folder to be updated"
				required="true"/>
			<Label id="lblgisfolderupTitle" text="Folder Title to be Updated"></Label>
			<Input id="inpgisfolderupTitle" value="" required="true"></Input>
		</f:SimpleForm>
		<buttons>
			<Button text="Cancel" type="Default" press="closeUpdatefolderShareKDialog"/>
			<Button type="Accept" press="onUpdateShareKFolder" text="Update"/>
		</buttons>
	</Dialog>
</core:FragmentDefinition>